<?xml version="1.0" encoding="UTF-8" ?>
<!DOCTYPE mapper PUBLIC "-//mybatis.org//DTD Mapper 3.0//EN" "http://mybatis.org/dtd/mybatis-3-mapper.dtd" >
<mapper namespace="com.yellowcong.dao.UserMapper" >
	<!-- 配置映射字段 -->  
    <resultMap type="com.yellowcong.model.User" id="User">  
        <result property="id" jdbcType="INTEGER" column="id"/>  
        <result property="password" column="password" jdbcType="VARCHAR"/>  
        <result property="username" column="username" jdbcType="VARCHAR"/>  
        <result property="isDisable" column="is_disable" jdbcType="BIT" />  
        <result property="isLocked" column="is_locked" jdbcType="BIT"  />
        <result property="isExpired" column="is_expired" jdbcType="BIT"  />  
    </resultMap>  
    
   <sql id="Base_Column_List">
    id, is_disable, password, username, is_locked, is_expired
  </sql>
  
	<!-- 用户登录操作 -->
	<!-- resultType 返回的是 type -->
	<select id="login" parameterType="java.lang.String" resultMap="User">
		SELECT <include refid="Base_Column_List" /> FROM YELLOWCONG_USERS  WHERE username = #{username}
	</select>
	
</mapper>