<?xml version="1.0" encoding="utf-8"?>
<beans xmlns="http://www.springframework.org/schema/beans"
	xmlns:xsi="http://www.w3.org/2001/XMLSchema-instance"
	xmlns:aop="http://www.springframework.org/schema/aop"
	xmlns:tx="http://www.springframework.org/schema/tx"
	xmlns:context="http://www.springframework.org/schema/context"
	xsi:schemaLocation="
    		http://www.springframework.org/schema/beans http://www.springframework.org/schema/beans/spring-beans-4.0.xsd
			http://www.springframework.org/schema/aop http://www.springframework.org/schema/aop/spring-aop-4.0.xsd
			http://www.springframework.org/schema/context http://www.springframework.org/schema/context/spring-context-4.0.xsd
			http://www.springframework.org/schema/jee http://www.springframework.org/schema/jee/spring-jee-4.0.xsd
			http://www.springframework.org/schema/tx http://www.springframework.org/schema/tx/spring-tx-4.0.xsd"
			>
	<!-- 自动扫描(自动注入) -->
	<context:annotation-config/>
	<context:component-scan base-package="com.yellowcong.service.impl.*"/>
	
	<!-- 配置日志输出 -->
	<bean id="log-filter" class="com.alibaba.druid.filter.logging.Log4jFilter">
    	<property name="resultSetLogEnabled" value="true" />
	</bean>
	
	<!-- 配置数据源 -->
	<bean name="dataSource" class="com.alibaba.druid.pool.DruidDataSource" init-method="init" destroy-method="close">
		<property name="driverClassName" value="${jdbc.driverClassName}" /> 
		<property name="url" value="${jdbc.url}" /> 
		<property name="username" value="${jdbc.username}" /> 
		<property name="password" value="${jdbc.password}" /> 
		<property name="initialSize" value="${jdbc.initialSize}" /> 
	    <property name="minIdle" value="${jdbc.minIdle}" /> 
	    <property name="maxActive" value="${jdbc.maxActive}" /> 
	    <property name="maxWait" value="${jdbc.maxWait}" /> 
	    <property name="timeBetweenEvictionRunsMillis" value="${jdbc.timeBetweenEvictionRunsMillis}" /> 
	    <property name="minEvictableIdleTimeMillis" value="${jdbc.minEvictableIdleTimeMillis}" /> 
	    <property name="validationQuery" value="${jdbc.validationQuery}" /> 
	    <property name="testWhileIdle" value="${jdbc.testWhileIdle}" /> 
	    <property name="testOnBorrow" value="${jdbc.testOnBorrow}" /> 
	    <property name="testOnReturn" value="${jdbc.testOnReturn}" /> 
	    <property name="removeAbandoned" value="${jdbc.removeAbandoned}" /> 
	    <property name="removeAbandonedTimeout" value="${jdbc.removeAbandonedTimeout}" /> 
	   <!--  <property name="logAbandoned" value="${jdbc.logAbandoned}" />  -->
	    <property name="filters" value="${jdbc.filters}" />
		<!-- 关闭abanded连接时输出错误日志 -->
		<property name="logAbandoned" value="true" />
		<property name="proxyFilters">
	        <list>
	            <ref bean="log-filter"/>
	        </list>
	    </property>

		<!-- 监控数据库 -->
		<!-- <property name="filters" value="stat" /> -->
<!--		<property name="filters" value="mergeStat" />-->
	</bean>
	
	<!-- 配置Session factory -->
	<bean id="sqlSessionFactory" class="org.mybatis.spring.SqlSessionFactoryBean">
		<property name="dataSource" ref="dataSource" />
		<property name="configLocation" value="classpath:mybatis-config.xml"/>
		<property name="mapperLocations"  >
			<list>
				<value>classpath*:com/yellowcong/mapper/*.xml</value>
			</list>
		</property>
	</bean>

	<bean id="sqlSessionTemplate" class="org.mybatis.spring.SqlSessionTemplate">
		<constructor-arg index="0" ref="sqlSessionFactory" />
	</bean>
	
	<!--这个是定义的一个Base的操作类 -->
	<!-- <bean id="baseMybatisDao" class="com.yellowcong.core.mybatis.BaseMybatisDao" >
		<property name="sqlSessionFactory" ref="sqlSessionFactory" />
	</bean>	 -->
	
	<!-- 定义用户的Dao的位置 -->
	<bean class="org.mybatis.spring.mapper.MapperScannerConfigurer">
	    <!-- 定义我们需要查找的Dao的位置 --> 
		<property name="basePackage" value="com.yellowcong.dao" />
		<property name="sqlSessionFactoryBeanName" value="sqlSessionFactory" />
	</bean>
	
	<!-- 事物管理 -->
	 <bean id="transactionManager" class="org.springframework.jdbc.datasource.DataSourceTransactionManager">
	     <property name="dataSource" ref="dataSource" />
	 </bean>
	 
	<tx:advice id="txAdvice" transaction-manager="transactionManager">
		<tx:attributes>
			<tx:method name="publish*" />
			<tx:method name="save*" />
			<tx:method name="add*" />
			<tx:method name="update*" />
			<tx:method name="insert*" />
			<tx:method name="create*" />
			<tx:method name="del*" />
			<tx:method name="load*" />
			<tx:method name="init*" />
			<tx:method name="*"  read-only="true"/>
		</tx:attributes>
	</tx:advice>
 	<!-- AOP配置,设定织入的位置--> 
	<aop:config>
		<aop:pointcut id="dbPointcut"
			expression="execution(public * com.yellowcong.*.service.impl.*.*(..))" />
		<aop:advisor advice-ref="txAdvice" pointcut-ref="dbPointcut" />
	</aop:config>
</beans>