<?xml version="1.0" encoding="UTF-8"?>
<beans xmlns="http://www.springframework.org/schema/beans"
	xmlns:xsi="http://www.w3.org/2001/XMLSchema-instance" xmlns:aop="http://www.springframework.org/schema/aop"
	xmlns:tx="http://www.springframework.org/schema/tx" xmlns:util="http://www.springframework.org/schema/util"
	xmlns:context="http://www.springframework.org/schema/context"
	xsi:schemaLocation="
       http://www.springframework.org/schema/beans http://www.springframework.org/schema/beans/spring-beans.xsd
       http://www.springframework.org/schema/tx http://www.springframework.org/schema/tx/spring-tx.xsd
       http://www.springframework.org/schema/aop http://www.springframework.org/schema/aop/spring-aop.xsd
       http://www.springframework.org/schema/util http://www.springframework.org/schema/util/spring-util.xsd
       http://www.springframework.org/schema/context http://www.springframework.org/schema/context/spring-context.xsd">
	<description>== Shiro Components ==</description>
	
	<!-- 会话Session ID生成器 -->
	<bean id="sessionIdGenerator" class="org.apache.shiro.session.mgt.eis.JavaUuidSessionIdGenerator"/>
    
    <!-- 安全管理器 -->
    <bean id="securityManager" class="org.apache.shiro.web.mgt.DefaultWebSecurityManager">  
        <!-- 缓存管理器 -->
        <property name="cacheManager" ref="cacheManager" />  
		
		<!-- 验证 -->        
        <property name="authenticator" ref="authenticator"/>
        
        <!-- 多个验证策略 realmes -->
        <property name="realms">
        	<list>
    			<!-- 这个认证，有一个先后的顺序 -->
    			<ref bean="sampleRealm1"/>
    			<ref bean="sampleRealm2"/>
    		</list>
        </property>
    </bean>  
    
    <!-- 授权策略 -->
    <bean id="authenticator" class="org.apache.shiro.authc.pam.ModularRealmAuthenticator">
    	<property name="authenticationStrategy" >
    		<bean class="org.apache.shiro.authc.pam.AllSuccessfulStrategy"/>
    	</property>
    </bean>
    
    <!-- 授权 认证 ，自己定义的，领域(Realm),shiro需要配置一个领域(Realm)，以便我们可以访问用户-->
	<bean id="sampleRealm1" class=" com.yellowcong.shior.realm.SampleRealm" >
		
		<!-- 如果不加入密码匹配的操作，密码就不会存在 -->
		<!-- 加入了密码匹配器之后，就会默认将前台传递过来的密码自动MD5加密 -->
		<property name="credentialsMatcher">
			<bean class="org.apache.shiro.authc.credential.HashedCredentialsMatcher">
				<!-- 加密的方式 -->
				<constructor-arg index="0" type="java.lang.String" value="MD5" />
				<!-- 加密的次数，默认是1次 -->
				<property name="hashIterations" value="1"/>
			</bean>
		</property>
	</bean>
	
	
	<!-- 授权 认证 ，自己定义的，领域(Realm),shiro需要配置一个领域(Realm)，以便我们可以访问用户-->
	<bean id="sampleRealm2" class=" com.yellowcong.shior.realm.SampleRealm2" >
		
		<!-- 如果不加入密码匹配的操作，密码就不会存在 -->
		<!-- 加入了密码匹配器之后，就会默认将前台传递过来的密码自动SHA1加密 -->
		<property name="credentialsMatcher">
			<bean class="org.apache.shiro.authc.credential.HashedCredentialsMatcher">
				<!-- 加密的方式 -->
				<constructor-arg index="0" type="java.lang.String" value="SHA1" />
				<!-- 加密的次数，默认是1次 -->
				<property name="hashIterations" value="1"/>
			</bean>
		</property>
	</bean>
    
    <!-- 给予shior的内存缓存系统 -->
    <bean id="cacheManager" class="org.apache.shiro.cache.MemoryConstrainedCacheManager" />  
     
    <!-- Shior的过滤器配置 -->
    <bean id="shiroFilter" class="org.apache.shiro.spring.web.ShiroFilterFactoryBean">  
       <property name="securityManager" ref="securityManager" />  
       <!-- 用户登录地址 -->
       <property name="loginUrl" value="/user/login" />  
       <!-- 登录成功 -->
       <property name="successUrl" value="/user/list" />  
       <!-- 未授权的钦奎光 -->
       <property name="unauthorizedUrl" value="/user/error" />  
       
       <!-- 通过工厂模式，获取数据库里面 权限配置-->
       <property name="filterChainDefinitionMap" ref="filterChainDefinitionMap"/>
   </bean> 
   <!-- 获取Bean里面的Map集合 -->
   <bean id="filterChainDefinitionMap" factory-bean="filterChainDefinitionsMapBuilder" factory-method="loadFilterChainDefinitions"/>
   
   <!-- 读取初始自定义权限内容-->
   <bean id="filterChainDefinitionsMapBuilder" class="com.yellowcong.shior.realm.FilterChainDefinitionsMapBuilder" />
   
   
   <!-- Shiro生命周期处理器-->
   <bean id="lifecycleBeanPostProcessor" class="org.apache.shiro.spring.LifecycleBeanPostProcessor" />

 	<!-- AOP式方法级权限检查 -->  
    <bean class="org.springframework.aop.framework.autoproxy.DefaultAdvisorAutoProxyCreator"  
        depends-on="lifecycleBeanPostProcessor">  
        <property name="proxyTargetClass" value="true" />  
    </bean>  

    <bean class="org.apache.shiro.spring.security.interceptor.AuthorizationAttributeSourceAdvisor">  
        <property name="securityManager" ref="securityManager" />  
    </bean>  

</beans>
